日期,代码,名称,最高涨幅%,收盘涨幅%,换手率,量比,买入信号强度,操作建议
2026-05-27,000530,冰山冷热,7.68,1.83,6.3,2.08,80,重点关注：强力试盘，次日择机试错
2026-05-27,600397,江钨装备,8.38,-1.94,7.25,2.03,40,暂时放弃：抛压过重或资金撤退
2026-05-27,600246,万通发展,9.58,1.6,10.57,0.75,40,暂时放弃：抛压过重或资金撤退
2026-05-27,600909,华安证券,7.79,0.92,5.64,0.83,40,暂时放弃：抛压过重或资金撤退
2026-05-27,000582,北部湾港,7.02,1.51,4.26,1.53,40,暂时放弃：抛压过重或资金撤退
2026-05-27,002238,天威视讯,8.71,1.77,1.82,1.88,40,暂时放弃：抛压过重或资金撤退
2026-05-27,002442,龙星科技,7.98,-1.22,21.37,0.83,20,暂时放弃：抛压过重或资金撤退
2026-05-27,600707,彩虹股份,8.0,0.42,7.71,1.12,20,暂时放弃：抛压过重或资金撤退
